4,4,2025-06-18,To Do,"","",2025-06-18 16:38:48.8391,1
5,5,2025-06-18,To Do,"","",2025-06-18 16:39:14.241391,1
6,6,2025-06-18,To Do,"","",2025-06-18 16:39:36.111363,1
7,6,2025-06-18,To Do,"","",2025-06-18 16:39:54.051489,1
8,5,2025-06-18,To Do,"","",2025-06-18 16:40:07.601442,1
9,7,2025-06-18,To Do,"","",2025-06-18 16:40:46.449307,1
10,8,2025-06-18,To Do,"","",2025-06-18 16:41:01.253564,1
11,9,2025-06-18,To Do,"","",2025-06-18 16:41:15.609925,1
12,10,2025-06-18,To Do,"","",2025-06-18 16:43:32.793481,1
13,11,2025-06-18,To Do,"","",2025-06-18 16:43:50.463447,1
14,12,2025-06-18,To Do,"","",2025-06-18 16:44:06.780694,1
15,13,2025-06-18,To Do,"","",2025-06-18 16:52:13.299046,1
16,14,2025-06-18,To Do,"","",2025-06-18 16:52:30.901226,1
17,15,2025-06-18,To Do,"","",2025-06-18 16:53:42.102519,1
18,16,2025-06-18,To Do,"","",2025-06-18 16:54:24.256776,1
19,17,2025-06-18,To Do,"",Remove user-related data.,2025-06-18 16:54:38.876989,1
20,17,2025-06-18,To Do,"","",2025-06-18 16:54:51.140808,1
21,18,2025-06-18,To Do,"","",2025-06-18 16:55:06.746222,1
24,6,2025-06-18,In Progress,"","",2025-06-18 17:41:39.17514,1
25,5,2025-06-18,Done,"","",2025-06-18 17:41:40.628241,1
26,8,2025-06-18,In Progress,"","",2025-06-18 17:41:42.348758,1
27,9,2025-06-18,Done,"","",2025-06-18 17:41:44.222172,1
28,11,2025-06-18,In Progress,"","",2025-06-18 17:41:45.877949,1
29,12,2025-06-18,Done,"","",2025-06-18 17:41:47.058393,1
30,14,2025-06-18,In Progress,"","",2025-06-18 17:41:48.798064,1
31,15,2025-06-18,Done,"","",2025-06-18 17:41:50.496144,1
32,17,2025-06-18,In Progress,"","",2025-06-18 17:41:52.362827,1
33,18,2025-06-18,Done,"","",2025-06-18 17:41:53.613083,1
39,20,2025-06-19,To Do,"","",2025-06-18 23:15:25.203848,1
40,20,2025-06-18,In Progress,"","",2025-06-18 23:15:50.939404,1
41,20,2025-06-18,Done,"","",2025-06-18 23:36:48.348343,1
42,20,2025-06-18,In Progress,"","",2025-06-18 23:41:28.264555,1
43,21,2025-06-18,To Do,Generated by AI agent,None,2025-06-18 23:45:14.36906,1
44,22,2025-06-18,In Progress,Generated by AI agent,None,2025-06-18 23:45:40.147727,1
46,6,2025-06-19,In Progress,"","",2025-06-19 12:34:44.223282,1
47,38,2025-06-19,To Do,Test,None,2025-06-19 12:35:30.26111,1
48,8,2025-06-19,In Progress,Comments as on 19-jun,Blocked by API issues,2025-06-19 12:36:55.308682,1
2,,2025-06-18,To Do,"","",2025-06-18 16:37:28.729963,1
22,,2025-06-18,In Progress,"","",2025-06-18 17:41:31.367824,1
49,,2025-06-18,Deleted,"","",2025-06-19 12:48:44.815585,1
50,11,2025-06-19,In Progress,"",There are UI blockers,2025-06-19 12:50:02.090433,1
51,11,2025-06-19,In Progress,"",There are UI blockers,2025-06-19 12:50:17.522059,1
52,,2025-06-20,To Do,"","",2025-06-19 13:58:28.649224,1
53,,2025-06-20,Deleted,"","",2025-06-19 13:58:45.339426,1
54,,2025-06-20,To Do,"","",2025-06-19 13:59:02.768499,1
55,,2025-06-20,Deleted,"","",2025-06-19 14:00:49.361541,1
56,,2025-06-19,To Do,"","",2025-06-19 14:01:19.48039,1
58,,2025-06-19,Deleted,"","",2025-06-19 14:04:03.118055,1
57,,2025-06-19,To Do,"","",2025-06-19 14:03:58.729955,1
59,,2025-06-19,Deleted,"","",2025-06-19 14:04:09.066985,1
60,,2025-06-20,To Do,"","",2025-06-19 14:04:26.339728,1
61,,2025-06-20,Deleted,"","",2025-06-19 14:05:33.978442,1
62,44,2025-06-20,To Do,"","",2025-06-19 14:11:40.330799,1
63,,2025-06-19,To Do,"","",2025-06-19 14:16:27.679439,1
64,,2025-06-19,Deleted,"","",2025-06-19 14:16:34.068813,1
65,46,2025-06-19,To Do,"","",2025-06-19 14:16:53.244182,1
67,48,2025-06-19,To Do,"","",2025-06-19 15:31:21.48349,1
66,,2025-06-19,To Do,"","",2025-06-19 15:30:46.147685,1
68,,2025-06-19,Deleted,"","",2025-06-19 15:31:26.760654,1
69,8,2025-06-19,In Progress,Comments as on 19-jun done by himakar,Blocked by API issues,2025-06-19 15:38:35.171418,1
70,49,2025-06-19,To Do,"","",2025-06-19 15:39:25.659689,1
71,50,2025-06-19,In Progress,"","",2025-06-19 15:42:12.152435,1
72,50,2025-06-19,In Progress,In progress did on 19,"",2025-06-19 15:55:06.575147,1
73,8,2025-06-19,In Progress,Comments as on 19-jun done,Blocked by API issues,2025-06-19 15:55:24.014636,1
74,50,2025-06-19,In Progress,In progress did on 19.,"",2025-06-19 15:55:52.620519,1
75,51,2025-06-19,To Do,"","",2025-06-19 15:57:35.994619,1
76,6,2025-06-19,In Progress,kasjf,"",2025-06-19 16:00:36.982585,1
77,52,2025-06-19,To Do,"","",2025-06-19 16:44:09.220991,1
78,20,2025-06-19,To Do,"","",2025-06-19 16:44:17.883169,1
79,52,2025-06-19,To Do,"","",2025-06-19 16:44:34.794287,1
80,6,2025-06-19,In Progress,Upadted,"",2025-06-19 18:01:33.419709,1
81,8,2025-06-19,In Progress,"Comments as on 19-jun done
final comments",Blocked by API issues,2025-06-19 18:15:31.067365,1
83,60,2025-06-19,To Do,Generated by AI agent,None,2025-06-19 18:20:21.237062,1
84,60,2025-06-19,To Do,Generated by AI agent,None,2025-06-19 18:20:33.993998,1
87,8,2025-06-19,To Do,"Comments as on 19-jun done
final comments",Blocked by API issues,2025-06-19 18:21:01.869177,1
89,50,2025-06-19,Done,In progress did on 19.,"",2025-06-19 18:21:17.077108,1
90,17,2025-06-19,Done,"","",2025-06-19 18:21:23.509501,1
91,11,2025-06-19,Done,"",There are UI blockers,2025-06-19 18:21:36.640592,1
92,6,2025-06-19,To Do,Upadted,"",2025-06-19 18:21:39.134979,1
93,60,2025-06-19,In Progress,Generated by AI agent,None,2025-06-19 18:21:41.407692,1
94,6,2025-06-19,In Progress,Upadted,none,2025-06-19 18:37:55.262123,1
96,83,2025-06-20,In Progress,Generated by AI agent,None,2025-06-20 21:11:51.529288,1
97,83,2025-06-20,Done,Generated by AI agent,None,2025-06-20 21:11:52.713044,1
98,83,2025-06-20,In Progress,Generated by AI agent,None,2025-06-20 21:11:53.621742,1
99,17,2025-06-20,In Progress,"","",2025-06-20 21:11:55.092437,1
100,,2025-06-23,To Do,Trailed Version,None,2025-06-23 11:31:17.624477,1
101,,2025-06-23,Deleted,Trailed Version,None,2025-06-23 12:41:24.867872,1
102,,2025-06-23,To Do,"","",2025-06-23 14:11:53.434531,1
103,,2025-06-23,Deleted,"","",2025-06-23 14:16:05.432436,1
104,86,2025-06-23,To Do,"","",2025-06-23 14:16:13.935649,1
105,87,2025-06-23,To Do,"","",2025-06-23 15:53:06.155079,1
106,87,2025-06-23,To Do,none,none,2025-06-23 15:58:14.082694,1
107,87,2025-06-23,To Do,none,none,2025-06-23 15:59:14.920745,1
108,87,2025-06-23,To Do,none,none,2025-06-23 16:01:16.272904,1
109,88,2025-06-23,To Do,"","",2025-06-23 16:35:52.377265,1
110,89,2025-06-23,To Do,"","",2025-06-23 16:35:58.678017,1
111,90,2025-06-23,To Do,"","",2025-06-23 16:36:04.996168,1
112,88,2025-06-23,In Progress,"","",2025-06-23 16:45:30.073799,1
113,90,2025-06-23,In Progress,"","",2025-06-23 16:45:41.59497,1
114,91,2025-06-23,To Do,"","",2025-06-23 17:11:27.26477,1
115,92,2025-06-23,To Do,"","",2025-06-23 17:11:33.251925,1
116,93,2025-06-23,To Do,"","",2025-06-23 17:11:44.811664,1
1,,2025-06-18,To Do,"","",2025-06-18 16:36:54.641209,1
82,,2025-06-19,In Progress,"","",2025-06-19 18:16:58.388867,1
85,,2025-06-19,Done,"","",2025-06-19 18:20:54.30768,1
35,,2025-06-18,To Do,"","",2025-06-18 21:56:13.766044,1
36,,2025-06-18,In Progress,"","",2025-06-18 21:57:30.433809,1
37,,2025-06-18,Done,"","",2025-06-18 21:57:35.219185,1
38,,2025-06-18,To Do,"","",2025-06-18 21:57:44.962557,1
3,,2025-06-18,To Do,"","",2025-06-18 16:38:02.1022,1
23,,2025-06-18,Done,"","",2025-06-18 17:41:33.2555,1
34,,2025-06-18,In Progress,"","",2025-06-18 17:42:50.246273,1
117,93,2025-06-23,In Progress,"","",2025-06-23 17:14:35.853496,1
118,94,2025-06-23,To Do,"","",2025-06-23 17:45:00.623483,1
119,95,2025-06-23,To Do,"","",2025-06-23 17:45:06.909866,1
120,96,2025-06-23,To Do,"","",2025-06-23 17:45:13.877982,1
121,50,2025-06-24,Done,In progress did on 19.,"",2025-06-24 11:54:46.89417,1
122,79,2025-06-24,To Do,Generated by AI agent,None,2025-06-24 22:39:15.544244,1
123,99,2025-06-24,To Do,"","",2025-06-24 23:03:27.053864,1
124,81,2025-06-24,To Do,Generated by AI agent,None,2025-06-24 23:04:40.98827,1
125,80,2025-06-24,To Do,Generated by AI agent,None,2025-06-24 23:06:09.978491,1
126,82,2025-06-25,To Do,Generated by AI agent,None,2025-06-25 09:33:02.679857,1
127,80,2025-06-25,To Do,Generated by AI agent,None,2025-06-25 09:36:34.96852,1
128,4,2025-06-25,To Do,"","",2025-06-25 09:59:46.736031,1
129,9,2025-06-25,Done,"","",2025-06-25 10:04:19.764095,1
130,7,2025-06-25,To Do,"","",2025-06-25 10:10:32.909052,1
131,81,2025-06-25,In Progress,Generated by AI agent,None,2025-06-25 11:08:41.546919,1
132,82,2025-06-25,To Do,Generated by AI agent,None,2025-06-25 12:35:45.776364,1
133,82,2025-06-25,In Progress,Generated by AI agent,None,2025-06-25 12:36:31.748435,1
134,98,2025-06-25,In Progress,"","",2025-06-25 14:47:26.485404,1
135,98,2025-06-25,Done,"","",2025-06-25 14:48:25.519985,1
136,82,2025-06-25,Done,Generated by AI agent,None,2025-06-25 14:48:30.526749,1
137,98,2025-06-25,In Progress,"","",2025-06-25 14:48:32.118674,1
138,81,2025-06-25,Done,Generated by AI agent,None,2025-06-25 14:48:33.816998,1
139,81,2025-06-25,In Progress,Generated by AI agent,None,2025-06-25 14:48:41.187406,1
140,98,2025-06-25,To Do,"","",2025-06-25 14:48:56.859327,1
141,98,2025-06-25,In Progress,"","",2025-06-25 14:49:04.265755,1
142,81,2025-06-25,Done,Generated by AI agent,None,2025-06-25 14:49:06.071323,1
143,98,2025-06-25,In Progress,updatesss,none,2025-06-25 14:49:51.981535,1
144,4,2025-06-25,In Progress,"","",2025-06-25 14:51:06.506536,1
145,4,2025-06-25,Done,"","",2025-06-25 14:51:35.854802,1
146,82,2025-06-25,In Progress,Generated by AI agent,None,2025-06-25 14:51:42.491259,1
147,4,2025-06-25,In Progress,"","",2025-06-25 14:51:49.028686,1
148,9,2025-06-25,In Progress,"","",2025-06-25 14:51:54.885342,1
149,81,2025-06-25,To Do,Generated by AI agent,None,2025-06-25 14:52:38.053588,1
150,81,2025-06-25,In Progress,Generated by AI agent,None,2025-06-25 14:52:40.310255,1
151,81,2025-06-25,To Do,Generated by AI agent,None,2025-06-25 14:52:46.326225,1
152,98,2025-06-25,To Do,updatesss,none,2025-06-25 14:52:57.072903,1
153,98,2025-06-25,In Progress,updatesss,none,2025-06-25 14:53:03.715263,1
154,98,2025-06-26,To Do,updatesss,none,2025-06-26 10:53:16.415328,1
155,98,2025-06-26,To Do,updatesss,none,2025-06-26 10:53:18.117384,1
156,81,2025-06-26,In Progress,Generated by AI agent,None,2025-06-26 10:53:24.056613,1
157,82,2025-06-26,Done,Generated by AI agent,None,2025-06-26 10:53:26.511465,1
158,100,2025-06-26,To Do,Generated by AI agent,None,2025-06-26 15:11:59.968571,1
159,101,2025-06-26,To Do,Generated by AI agent,None,2025-06-26 15:12:00.993267,1
160,102,2025-06-26,To Do,Generated by AI agent,None,2025-06-26 15:12:02.141379,1
161,103,2025-06-26,To Do,Generated by AI agent,None,2025-06-26 15:12:03.061974,1
162,104,2025-06-26,To Do,Generated by AI agent,None,2025-06-26 15:12:04.286138,1
163,105,2025-06-26,To Do,Generated by AI agent,None,2025-06-26 15:12:05.187532,1
164,106,2025-06-26,To Do,Generated by AI agent,None,2025-06-26 15:12:06.295971,1
165,107,2025-06-26,To Do,Generated by AI agent,None,2025-06-26 15:12:07.268255,1
166,108,2025-06-26,To Do,Generated by AI agent,None,2025-06-26 15:12:22.487453,1
167,109,2025-06-26,To Do,Generated by AI agent,None,2025-06-26 15:12:23.609794,1
168,110,2025-06-26,To Do,Generated by AI agent,None,2025-06-26 15:12:24.784853,1
169,111,2025-06-26,To Do,Generated by AI agent,None,2025-06-26 15:12:25.680898,1
170,112,2025-06-26,To Do,Generated by AI agent,None,2025-06-26 15:12:26.863138,1
171,113,2025-06-26,To Do,Generated by AI agent,None,2025-06-26 15:12:27.823064,1
172,114,2025-06-26,To Do,Generated by AI agent,None,2025-06-26 15:12:28.955862,1
173,115,2025-06-26,To Do,Generated by AI agent,None,2025-06-26 15:12:29.911743,1
174,116,2025-06-26,To Do,Generated by AI agent,None,2025-06-26 15:12:31.000562,1
175,117,2025-06-26,To Do,Generated by AI agent,None,2025-06-26 15:12:36.398156,1
176,118,2025-06-26,To Do,Generated by AI agent,None,2025-06-26 15:12:37.52955,1
177,119,2025-06-26,To Do,Generated by AI agent,None,2025-06-26 15:12:38.627084,1
178,120,2025-06-26,To Do,Generated by AI agent,None,2025-06-26 15:12:39.537598,1
179,121,2025-06-26,To Do,Generated by AI agent,None,2025-06-26 15:12:40.814886,1
180,122,2025-06-26,To Do,Generated by AI agent,None,2025-06-26 15:12:41.698918,1
181,123,2025-06-26,To Do,Generated by AI agent,None,2025-06-26 15:12:48.016454,1
182,124,2025-06-26,To Do,Generated by AI agent,None,2025-06-26 15:12:48.972531,1
183,125,2025-06-26,To Do,Generated by AI agent,None,2025-06-26 15:12:50.09911,1
184,126,2025-06-26,To Do,Generated by AI agent,None,2025-06-26 15:12:51.466412,1
185,127,2025-06-26,To Do,Generated by AI agent,None,2025-06-26 15:12:52.467866,1
186,128,2025-06-26,To Do,Generated by AI agent,None,2025-06-26 15:12:53.563406,1
187,129,2025-06-26,To Do,Generated by AI agent,None,2025-06-26 15:12:58.12068,1
188,130,2025-06-26,To Do,Generated by AI agent,None,2025-06-26 15:12:59.180709,1
189,131,2025-06-26,To Do,Generated by AI agent,None,2025-06-26 15:13:00.163522,1
190,132,2025-06-26,To Do,Generated by AI agent,None,2025-06-26 15:13:01.197038,1
191,133,2025-06-26,To Do,Generated by AI agent,None,2025-06-26 15:13:02.219547,1
192,134,2025-06-26,To Do,Generated by AI agent,None,2025-06-26 15:13:03.252518,1
193,135,2025-06-26,To Do,Generated by AI agent,None,2025-06-26 15:13:09.187368,1
194,136,2025-06-26,To Do,Generated by AI agent,None,2025-06-26 15:13:10.367359,1
195,137,2025-06-26,To Do,Generated by AI agent,None,2025-06-26 15:13:11.444934,1
196,138,2025-06-26,To Do,Generated by AI agent,None,2025-06-26 15:13:12.45101,1
197,139,2025-06-26,To Do,Generated by AI agent,None,2025-06-26 15:13:13.511717,1
198,140,2025-06-26,To Do,Generated by AI agent,None,2025-06-26 15:13:14.921332,1
199,141,2025-06-26,To Do,Generated by AI agent,None,2025-06-26 15:13:15.85307,1
200,142,2025-06-26,To Do,Generated by AI agent,None,2025-06-26 15:13:17.039246,1
201,143,2025-06-26,To Do,Generated by AI agent,None,2025-06-26 15:13:17.880159,1
202,144,2025-06-26,To Do,Generated by AI agent,None,2025-06-26 15:13:23.237602,1
203,145,2025-06-26,To Do,Generated by AI agent,None,2025-06-26 15:13:24.34786,1
204,146,2025-06-26,To Do,Generated by AI agent,None,2025-06-26 15:13:25.428488,1
205,147,2025-06-26,To Do,Generated by AI agent,None,2025-06-26 15:13:26.480709,1
206,148,2025-06-26,To Do,Generated by AI agent,None,2025-06-26 15:13:27.508887,1
207,149,2025-06-26,To Do,Generated by AI agent,None,2025-06-26 15:13:28.567473,1
208,150,2025-06-26,To Do,Generated by AI agent,None,2025-06-26 15:13:33.767305,1
209,151,2025-06-26,To Do,Generated by AI agent,None,2025-06-26 15:13:35.099924,1
214,156,2025-06-26,To Do,Generated by AI agent,None,2025-06-26 15:13:41.331759,1
226,168,2025-06-26,To Do,Generated by AI agent,None,2025-06-26 15:14:03.14246,1
232,174,2025-06-26,To Do,Generated by AI agent,None,2025-06-26 15:14:12.568369,1
215,,2025-06-26,To Do,Generated by AI agent,None,2025-06-26 15:13:48.314793,1
220,,2025-06-26,To Do,Generated by AI agent,None,2025-06-26 15:13:53.622436,1
210,152,2025-06-26,To Do,Generated by AI agent,None,2025-06-26 15:13:36.725536,1
227,169,2025-06-26,To Do,Generated by AI agent,None,2025-06-26 15:14:04.385847,1
233,175,2025-06-26,To Do,Generated by AI agent,None,2025-06-26 15:14:13.72406,1
216,,2025-06-26,To Do,Generated by AI agent,None,2025-06-26 15:13:49.295538,1
221,,2025-06-26,To Do,Generated by AI agent,None,2025-06-26 15:13:54.700294,1
211,153,2025-06-26,To Do,Generated by AI agent,None,2025-06-26 15:13:37.744765,1
223,165,2025-06-26,To Do,Generated by AI agent,None,2025-06-26 15:14:00.035688,1
228,170,2025-06-26,To Do,Generated by AI agent,None,2025-06-26 15:14:05.299133,1
229,171,2025-06-26,To Do,Generated by AI agent,None,2025-06-26 15:14:09.198683,1
234,176,2025-06-26,To Do,Generated by AI agent,None,2025-06-26 15:14:14.621519,1
217,,2025-06-26,To Do,Generated by AI agent,None,2025-06-26 15:13:50.373504,1
222,,2025-06-26,To Do,Generated by AI agent,None,2025-06-26 15:13:55.759598,1
212,154,2025-06-26,To Do,Generated by AI agent,None,2025-06-26 15:13:39.083473,1
224,166,2025-06-26,To Do,Generated by AI agent,None,2025-06-26 15:14:00.964124,1
230,172,2025-06-26,To Do,Generated by AI agent,None,2025-06-26 15:14:10.108991,1
218,,2025-06-26,To Do,Generated by AI agent,None,2025-06-26 15:13:51.3688,1
213,155,2025-06-26,To Do,Generated by AI agent,None,2025-06-26 15:13:40.415127,1
225,167,2025-06-26,To Do,Generated by AI agent,None,2025-06-26 15:14:02.105485,1
231,173,2025-06-26,To Do,Generated by AI agent,None,2025-06-26 15:14:11.648801,1
235,177,2025-06-26,To Do,Generated by AI agent,None,2025-06-26 15:14:18.499273,1
236,178,2025-06-26,To Do,Generated by AI agent,None,2025-06-26 15:14:19.459969,1
237,179,2025-06-26,To Do,Generated by AI agent,None,2025-06-26 15:14:20.538947,1
238,180,2025-06-26,To Do,Generated by AI agent,None,2025-06-26 15:14:21.718978,1
239,181,2025-06-26,To Do,Generated by AI agent,None,2025-06-26 15:14:22.752047,1
240,182,2025-06-26,To Do,Generated by AI agent,None,2025-06-26 15:14:28.230322,1
241,183,2025-06-26,To Do,Generated by AI agent,None,2025-06-26 15:14:29.154758,1
242,184,2025-06-26,To Do,Generated by AI agent,None,2025-06-26 15:14:30.269588,1
243,185,2025-06-26,To Do,Generated by AI agent,None,2025-06-26 15:14:31.918581,1
244,186,2025-06-26,To Do,Generated by AI agent,None,2025-06-26 15:14:33.251331,1
245,187,2025-06-26,To Do,Generated by AI agent,None,2025-06-26 15:14:34.097278,1
246,188,2025-06-26,To Do,Generated by AI agent,None,2025-06-26 15:14:34.978432,1
247,189,2025-06-26,To Do,Generated by AI agent,None,2025-06-26 15:14:35.919484,1
248,190,2025-06-26,To Do,Generated by AI agent,None,2025-06-26 15:14:41.440275,1
249,191,2025-06-26,To Do,Generated by AI agent,None,2025-06-26 15:14:42.366041,1
250,192,2025-06-26,To Do,Generated by AI agent,None,2025-06-26 15:14:43.602957,1
251,193,2025-06-26,To Do,Generated by AI agent,None,2025-06-26 15:14:44.514327,1
252,194,2025-06-26,To Do,Generated by AI agent,None,2025-06-26 15:14:45.433277,1
253,195,2025-06-26,To Do,Generated by AI agent,None,2025-06-26 15:14:46.721394,1
254,196,2025-06-26,To Do,Generated by AI agent,None,2025-06-26 15:14:47.596382,1
255,197,2025-06-26,To Do,Generated by AI agent,None,2025-06-26 15:14:48.509206,1
256,198,2025-06-26,To Do,Generated by AI agent,None,2025-06-26 15:14:53.855415,1
257,199,2025-06-26,To Do,Generated by AI agent,None,2025-06-26 15:14:54.85532,1
258,200,2025-06-26,To Do,Generated by AI agent,None,2025-06-26 15:14:55.740382,1
259,201,2025-06-26,To Do,Generated by AI agent,None,2025-06-26 15:14:56.652678,1
260,202,2025-06-26,To Do,Generated by AI agent,None,2025-06-26 15:14:57.723375,1
261,203,2025-06-26,To Do,Generated by AI agent,None,2025-06-26 15:14:58.65594,1
262,204,2025-06-26,To Do,Generated by AI agent,None,2025-06-26 15:14:59.566037,1
263,205,2025-06-26,To Do,Generated by AI agent,None,2025-06-26 15:15:00.597587,1
264,206,2025-06-26,To Do,Generated by AI agent,None,2025-06-26 15:15:01.515972,1
265,207,2025-06-26,To Do,Generated by AI agent,None,2025-06-26 15:15:07.013964,1
266,208,2025-06-26,To Do,Generated by AI agent,None,2025-06-26 15:15:07.967852,1
267,209,2025-06-26,To Do,Generated by AI agent,None,2025-06-26 15:15:08.830051,1
268,210,2025-06-26,To Do,Generated by AI agent,None,2025-06-26 15:15:09.806464,1
269,211,2025-06-26,To Do,Generated by AI agent,None,2025-06-26 15:15:10.750335,1
270,212,2025-06-26,To Do,Generated by AI agent,None,2025-06-26 15:15:11.651002,1
271,213,2025-06-26,To Do,Generated by AI agent,None,2025-06-26 15:15:16.986147,1
272,214,2025-06-26,To Do,Generated by AI agent,None,2025-06-26 15:15:17.900596,1
273,215,2025-06-26,To Do,Generated by AI agent,None,2025-06-26 15:15:18.822792,1
274,216,2025-06-26,To Do,Generated by AI agent,None,2025-06-26 15:15:19.738675,1
275,217,2025-06-26,To Do,Generated by AI agent,None,2025-06-26 15:15:20.76297,1
276,218,2025-06-26,To Do,Generated by AI agent,None,2025-06-26 15:15:21.68555,1
277,219,2025-06-26,To Do,Generated by AI agent,None,2025-06-26 15:15:22.603912,1
278,220,2025-06-26,To Do,Generated by AI agent,None,2025-06-26 15:15:28.746225,1
279,221,2025-06-26,To Do,Generated by AI agent,None,2025-06-26 15:15:29.718011,1
280,222,2025-06-26,To Do,Generated by AI agent,None,2025-06-26 15:15:30.593951,1
281,223,2025-06-26,To Do,Generated by AI agent,None,2025-06-26 15:15:31.630584,1
282,224,2025-06-26,To Do,Generated by AI agent,None,2025-06-26 15:15:32.559049,1
283,225,2025-06-26,To Do,Generated by AI agent,None,2025-06-26 15:15:33.564196,1
284,226,2025-06-26,To Do,Generated by AI agent,None,2025-06-26 15:15:34.915252,1
285,227,2025-06-26,To Do,Generated by AI agent,None,2025-06-26 15:15:35.919403,1
286,228,2025-06-26,To Do,Generated by AI agent,None,2025-06-26 15:15:36.838755,1
287,229,2025-06-26,To Do,Generated by AI agent,None,2025-06-26 15:15:43.905572,1
288,230,2025-06-26,To Do,Generated by AI agent,None,2025-06-26 15:15:44.933517,1
289,231,2025-06-26,To Do,Generated by AI agent,None,2025-06-26 15:15:45.851811,1
290,232,2025-06-26,To Do,Generated by AI agent,None,2025-06-26 15:15:46.775578,1
293,235,2025-06-26,To Do,Generated by AI agent,None,2025-06-26 15:15:53.429361,1
294,236,2025-06-26,To Do,Generated by AI agent,None,2025-06-26 15:15:54.353581,1
295,237,2025-06-26,To Do,Generated by AI agent,None,2025-06-26 15:15:55.811643,1
298,240,2025-06-26,To Do,Generated by AI agent,None,2025-06-26 15:15:58.779203,1
299,241,2025-06-26,To Do,Generated by AI agent,None,2025-06-26 15:16:03.467905,1
300,242,2025-06-26,To Do,Generated by AI agent,None,2025-06-26 15:16:04.388981,1
301,243,2025-06-26,To Do,Generated by AI agent,None,2025-06-26 15:16:05.305956,1
302,244,2025-06-26,To Do,Generated by AI agent,None,2025-06-26 15:16:06.333139,1
303,245,2025-06-26,To Do,Generated by AI agent,None,2025-06-26 15:16:07.22868,1
304,246,2025-06-26,To Do,Generated by AI agent,None,2025-06-26 15:16:08.17518,1
305,247,2025-06-26,To Do,Generated by AI agent,None,2025-06-26 15:16:12.179719,1
306,248,2025-06-26,To Do,Generated by AI agent,None,2025-06-26 15:16:13.092017,1
307,249,2025-06-26,To Do,Generated by AI agent,None,2025-06-26 15:16:14.416932,1
308,250,2025-06-26,To Do,Generated by AI agent,None,2025-06-26 15:16:16.660198,1
309,251,2025-06-26,To Do,Generated by AI agent,None,2025-06-26 15:16:17.604018,1
310,252,2025-06-26,To Do,Generated by AI agent,None,2025-06-26 15:16:18.623421,1
311,253,2025-06-26,To Do,Generated by AI agent,None,2025-06-26 15:16:23.953978,1
312,254,2025-06-26,To Do,Generated by AI agent,None,2025-06-26 15:16:25.075558,1
313,255,2025-06-26,To Do,Generated by AI agent,None,2025-06-26 15:16:26.092727,1
314,256,2025-06-26,To Do,Generated by AI agent,None,2025-06-26 15:16:27.016143,1
315,257,2025-06-26,To Do,Generated by AI agent,None,2025-06-26 15:16:27.88541,1
316,258,2025-06-26,To Do,Generated by AI agent,None,2025-06-26 15:16:28.775508,1
317,259,2025-06-26,To Do,Generated by AI agent,None,2025-06-26 15:16:29.874418,1
318,260,2025-06-26,To Do,Generated by AI agent,None,2025-06-26 15:16:30.80318,1
297,,2025-06-26,To Do,Generated by AI agent,None,2025-06-26 15:15:57.731541,1
296,,2025-06-26,To Do,Generated by AI agent,None,2025-06-26 15:15:56.671091,1
292,,2025-06-26,To Do,Generated by AI agent,None,2025-06-26 15:15:48.614862,1
291,,2025-06-26,To Do,Generated by AI agent,None,2025-06-26 15:15:47.741862,1
319,261,2025-06-26,To Do,Generated by AI agent,None,2025-06-26 15:16:31.889417,1
321,263,2025-06-26,To Do,Generated by AI agent,None,2025-06-26 15:16:39.700345,1
326,268,2025-06-26,To Do,Generated by AI agent,None,2025-06-26 15:16:44.626697,1
327,269,2025-06-26,To Do,Generated by AI agent,None,2025-06-26 15:16:49.886805,1
339,281,2025-06-26,To Do,Generated by AI agent,None,2025-06-26 15:17:05.933191,1
341,283,2025-06-26,To Do,Generated by AI agent,None,2025-06-26 15:17:12.253889,1
320,262,2025-06-26,To Do,Generated by AI agent,None,2025-06-26 15:16:38.548338,1
325,267,2025-06-26,To Do,Generated by AI agent,None,2025-06-26 15:16:43.713467,1
332,274,2025-06-26,To Do,Generated by AI agent,None,2025-06-26 15:16:55.000535,1
333,275,2025-06-26,To Do,Generated by AI agent,None,2025-06-26 15:16:59.808548,1
337,279,2025-06-26,To Do,Generated by AI agent,None,2025-06-26 15:17:03.941912,1
322,264,2025-06-26,To Do,Generated by AI agent,None,2025-06-26 15:16:40.738686,1
328,270,2025-06-26,To Do,Generated by AI agent,None,2025-06-26 15:16:50.880478,1
336,278,2025-06-26,To Do,Generated by AI agent,None,2025-06-26 15:17:02.918986,1
344,286,2025-06-26,To Do,Generated by AI agent,None,2025-06-26 15:17:15.355579,1
323,265,2025-06-26,To Do,Generated by AI agent,None,2025-06-26 15:16:41.643236,1
329,271,2025-06-26,To Do,Generated by AI agent,None,2025-06-26 15:16:51.81309,1
338,280,2025-06-26,To Do,Generated by AI agent,None,2025-06-26 15:17:04.956227,1
340,282,2025-06-26,To Do,Generated by AI agent,None,2025-06-26 15:17:11.067932,1
343,285,2025-06-26,To Do,Generated by AI agent,None,2025-06-26 15:17:14.393979,1
324,266,2025-06-26,To Do,Generated by AI agent,None,2025-06-26 15:16:42.683049,1
330,272,2025-06-26,To Do,Generated by AI agent,None,2025-06-26 15:16:53.007629,1
331,273,2025-06-26,To Do,Generated by AI agent,None,2025-06-26 15:16:54.050463,1
334,276,2025-06-26,To Do,Generated by AI agent,None,2025-06-26 15:17:00.703944,1
335,277,2025-06-26,To Do,Generated by AI agent,None,2025-06-26 15:17:01.73094,1
342,284,2025-06-26,To Do,Generated by AI agent,None,2025-06-26 15:17:13.310432,1
345,287,2025-06-26,To Do,Generated by AI agent,None,2025-06-26 15:17:16.379751,1
346,288,2025-06-26,To Do,Generated by AI agent,None,2025-06-26 15:17:17.545352,1
347,289,2025-06-26,To Do,Generated by AI agent,None,2025-06-26 15:17:22.60441,1
348,290,2025-06-26,To Do,Generated by AI agent,None,2025-06-26 15:17:23.849023,1
349,291,2025-06-26,To Do,Generated by AI agent,None,2025-06-26 15:17:24.771901,1
350,292,2025-06-26,To Do,Generated by AI agent,None,2025-06-26 15:17:25.798343,1
351,293,2025-06-26,To Do,Generated by AI agent,None,2025-06-26 15:17:27.121904,1
352,294,2025-06-26,To Do,Generated by AI agent,None,2025-06-26 15:17:28.051914,1
353,295,2025-06-26,To Do,Generated by AI agent,None,2025-06-26 15:17:28.96046,1
354,296,2025-06-26,To Do,Generated by AI agent,None,2025-06-26 15:17:34.49644,1
355,297,2025-06-26,To Do,Generated by AI agent,None,2025-06-26 15:17:35.596414,1
356,298,2025-06-26,To Do,Generated by AI agent,None,2025-06-26 15:17:36.482142,1
357,299,2025-06-26,To Do,Generated by AI agent,None,2025-06-26 15:17:37.539324,1
358,300,2025-06-26,To Do,Generated by AI agent,None,2025-06-26 15:17:38.492243,1
359,301,2025-06-26,To Do,Generated by AI agent,None,2025-06-26 15:17:39.670729,1
360,302,2025-06-26,To Do,Generated by AI agent,None,2025-06-26 15:17:40.744328,1
361,303,2025-06-26,To Do,Generated by AI agent,None,2025-06-26 15:17:42.177505,1
362,304,2025-06-26,To Do,Generated by AI agent,None,2025-06-26 15:17:43.201662,1
363,81,2025-06-26,In Progress,Generated by AI agent,None,2025-06-26 17:42:14.04723,1
364,98,2025-06-26,To Do,updatesss,none,2025-06-26 17:43:41.388815,1
365,9,2025-06-26,In Progress,"","",2025-06-26 18:05:22.322914,1
366,98,2025-06-27,In Progress,updatesss,none,2025-06-27 12:17:17.084302,1
367,4,2025-06-27,To Do,"","",2025-06-27 12:17:25.809398,1
368,4,2025-06-27,To Do,have to do because of the blocker,"",2025-06-27 12:19:43.85179,1
369,9,2025-06-27,Done,"","",2025-06-27 12:51:38.684709,1
370,9,2025-06-27,In Progress,"","",2025-06-27 12:51:51.001656,1
371,98,2025-06-27,Done,updatesss,none,2025-06-27 16:53:27.926317,1
372,82,2025-06-27,In Progress,Generated by AI agent,None,2025-06-27 16:54:11.681334,1
373,82,2025-06-27,Done,Generated by AI agent,None,2025-06-27 16:54:20.37171,1
374,98,2025-06-27,In Progress,updatesss,none,2025-06-27 17:02:15.793197,1
375,9,2025-06-27,Done,"","",2025-06-27 17:02:25.230939,1
376,82,2025-06-27,In Progress,Generated by AI agent,None,2025-06-27 17:04:16.33855,1
377,81,2025-06-27,Done,Generated by AI agent,None,2025-06-27 17:40:31.206977,1
378,82,2025-06-30,To Do,Generated by AI agent,None,2025-06-30 11:08:37.227143,1
379,82,2025-06-30,To Do,Generated by AI agent,None,2025-06-30 11:08:38.282316,1
380,4,2025-06-30,In Progress,have to do because of the blocker,"",2025-06-30 11:08:44.67807,1
381,322,2025-06-30,To Do,"","",2025-06-30 11:20:47.418488,1
382,323,2025-06-30,To Do,"","",2025-06-30 11:21:26.155279,1
383,324,2025-06-30,To Do,"","",2025-06-30 11:22:07.083998,1
384,324,2025-06-30,In Progress,"","",2025-06-30 11:37:12.434476,1
385,333,2025-06-30,To Do,"","",2025-06-30 11:51:26.766226,1
386,322,2025-06-30,To Do,"","",2025-06-30 11:54:45.176869,1
387,324,2025-06-30,In Progress,"","",2025-06-30 11:54:55.939173,1
388,323,2025-06-30,To Do,"","",2025-06-30 11:55:10.712084,1
389,324,2025-06-30,Done,Status changed to Done: This task is done,"",2025-06-30 14:27:38.880052,1
390,324,2025-06-30,In Progress,"Status changed to Done: This task is done
: have to make some changes","",2025-06-30 14:31:49.818576,1
391,98,2025-06-30,Done,updatesss,none,2025-06-30 14:33:09.973765,1
392,98,2025-06-30,In Progress,"updatesss
: have to update the code
",none,2025-06-30 14:33:56.592959,1
393,98,2025-06-30,Done,doneeeeee,none,2025-06-30 14:34:32.759673,1
394,98,2025-06-30,In Progress,not doneeee,none,2025-06-30 14:34:47.147313,1
395,98,2025-06-30,To Do,have to start from scratch,none,2025-06-30 14:35:06.297287,1
396,98,2025-06-30,Done,successfully completed,none,2025-06-30 14:35:23.139342,1
397,82,2025-06-30,In Progress,subash said to changes this to inprojgess,None,2025-06-30 14:36:24.828177,1
398,82,2025-06-30,In Progress,Subash said to changes this to InProgress,None,2025-06-30 14:37:01.045449,1
399,,2025-06-26,Deleted,Generated by AI agent,None,2025-06-30 14:38:58.633082,1
400,,2025-06-26,Deleted,Generated by AI agent,None,2025-06-30 14:39:14.128478,1
401,,2025-06-26,Deleted,Generated by AI agent,None,2025-06-30 14:39:24.915329,1
402,,2025-06-26,Deleted,Generated by AI agent,None,2025-06-30 14:39:29.169211,1
219,,2025-06-26,To Do,Generated by AI agent,None,2025-06-26 15:13:52.601072,1
403,,2025-06-26,Deleted,Generated by AI agent,None,2025-06-30 14:39:33.559078,1
404,,2025-06-26,Deleted,Generated by AI agent,None,2025-06-30 14:39:37.222127,1
405,,2025-06-26,Deleted,Generated by AI agent,None,2025-06-30 14:39:42.416482,1
406,,2025-06-26,Deleted,Generated by AI agent,None,2025-06-30 14:39:46.269724,1
86,,2025-06-19,In Progress,"","",2025-06-19 18:20:57.679548,1
88,,2025-06-19,To Do,"","",2025-06-19 18:21:10.539408,1
95,,2025-06-19,In Progress,"","",2025-06-19 18:38:01.883396,1
407,,2025-06-18,Deleted,"","",2025-06-30 14:40:10.996275,1
408,,2025-06-18,Deleted,"","",2025-06-30 14:40:14.931487,1
409,,2025-06-18,Deleted,"","",2025-06-30 14:40:18.903938,1
410,4,2025-06-30,To Do,saradha its for fun man,"",2025-06-30 14:40:55.035149,1
411,4,2025-06-30,Done,task is done,"",2025-06-30 14:41:17.242758,1
412,437,2025-06-30,To Do,"","",2025-06-30 16:09:56.27291,1
413,,2025-06-30,To Do,"","",2025-06-30 16:09:59.024046,1
414,,2025-06-30,To Do,nothing to add,"",2025-06-30 16:10:26.258013,1
415,,2025-06-30,Deleted,nothing to add,"",2025-06-30 16:10:41.770338,1
416,322,2025-06-30,In Progress,Changes trail,"",2025-06-30 16:30:01.764902,1
417,,2025-06-30,Deleted,Generated by AI agent,None,2025-06-30 16:58:06.152966,1
418,,2025-06-30,Deleted,Generated by AI agent,None,2025-06-30 16:58:10.024446,1
419,,2025-06-30,Deleted,Generated by AI agent,None,2025-06-30 16:58:14.336425,1
420,,2025-06-30,Deleted,Generated by AI agent,None,2025-06-30 16:58:29.659965,1
421,,2025-06-30,Deleted,Generated by AI agent,None,2025-06-30 17:04:01.328509,1
422,,2025-06-30,Deleted,Generated by AI agent,None,2025-06-30 17:04:05.388679,1
423,,2025-06-30,Deleted,Generated by AI agent,None,2025-06-30 17:11:21.620329,1
424,,2025-06-30,Deleted,Generated by AI agent,None,2025-06-30 17:11:24.532385,1
425,,2025-06-30,Deleted,Generated by AI agent,None,2025-06-30 17:11:28.98546,1
426,,2025-06-30,Deleted,Generated by AI agent,None,2025-06-30 17:11:54.182293,1
427,,2025-06-30,Deleted,Generated by AI agent,None,2025-06-30 17:11:57.970524,1
428,,2025-06-30,Deleted,Generated by AI agent,None,2025-06-30 17:12:11.962158,1
429,,2025-06-30,Deleted,Generated by AI agent,None,2025-06-30 17:12:32.006212,1
430,,2025-06-30,Deleted,Generated by AI agent,None,2025-06-30 17:12:40.416401,1
431,,2025-06-30,Deleted,Generated by AI agent,None,2025-06-30 17:12:57.288757,1
432,,2025-06-30,Deleted,Generated by AI agent,None,2025-06-30 17:13:15.73678,1
433,,2025-06-30,Deleted,Generated by AI agent,None,2025-06-30 17:25:45.059445,1
434,,2025-06-30,Deleted,Generated by AI agent,None,2025-06-30 17:25:49.34188,1
435,,2025-06-30,Deleted,Generated by AI agent,None,2025-06-30 17:25:53.302276,1
436,,2025-06-30,Deleted,Generated by AI agent,None,2025-06-30 17:26:17.211699,1
437,,2025-06-30,Deleted,Generated by AI agent,None,2025-06-30 17:26:33.24586,1
438,,2025-06-30,Deleted,Generated by AI agent,None,2025-06-30 17:26:56.440662,1
439,,2025-07-01,Deleted,Generated by AI agent,None,2025-07-01 12:07:23.000809,1
440,,2025-07-01,Deleted,Generated by AI agent,None,2025-07-01 12:07:27.305644,1
441,333,2025-07-01,To Do,nothing to add,"",2025-07-01 14:28:25.27774,1
442,,2025-07-01,Deleted,Generated by AI agent,None,2025-07-01 15:37:53.911153,1
443,,2025-07-01,Deleted,Generated by AI agent,None,2025-07-01 15:38:08.002659,1
444,,2025-07-01,Deleted,Generated by AI agent,None,2025-07-01 15:38:19.672247,1
445,,2025-07-01,Deleted,Generated by AI agent,None,2025-07-01 15:38:36.118809,1
446,,2025-07-01,Deleted,Generated by AI agent,None,2025-07-01 15:38:58.604425,1
447,,2025-07-01,Deleted,Generated by AI agent,None,2025-07-01 15:39:15.207879,1
448,,2025-07-01,Deleted,Generated by AI agent,None,2025-07-01 15:39:50.219721,1
449,,2025-07-01,Deleted,Generated by AI agent,None,2025-07-01 15:40:11.723916,1
450,,2025-06-26,Deleted,Generated by AI agent,None,2025-07-01 15:43:14.150607,1
451,,2025-06-26,Deleted,Generated by AI agent,None,2025-07-01 15:43:18.952053,1
452,,2025-07-01,Deleted,Generated by AI agent,None,2025-07-02 10:49:47.91397,1
453,,2025-06-26,Deleted,Generated by AI agent,None,2025-07-02 10:51:14.242102,1
454,,2025-06-26,Deleted,Generated by AI agent,None,2025-07-02 10:51:18.25655,1
455,639,2025-07-02,To Do,Generated by AI agent,None,2025-07-02 17:39:53.034352,1
456,642,2025-07-02,To Do,Generated by AI agent,None,2025-07-02 17:39:58.598372,1
457,646,2025-07-02,To Do,Generated by AI agent,None,2025-07-02 17:40:03.784846,1
458,649,2025-07-02,To Do,Generated by AI agent,None,2025-07-02 17:40:09.195731,1
459,637,2025-07-02,To Do,Generated by AI agent,None,2025-07-02 17:40:14.433749,1
460,643,2025-07-02,To Do,Generated by AI agent,None,2025-07-02 17:40:21.128686,1
461,644,2025-07-02,To Do,Generated by AI agent,None,2025-07-02 17:40:26.725664,1
462,650,2025-07-02,To Do,Generated by AI agent,None,2025-07-02 17:40:33.788669,1
463,638,2025-07-02,To Do,Generated by AI agent,None,2025-07-02 17:40:40.042881,1
464,641,2025-07-02,To Do,Generated by AI agent,None,2025-07-02 17:40:45.326984,1
465,648,2025-07-02,To Do,Generated by AI agent,None,2025-07-02 17:40:51.758052,1
466,,2025-07-02,To Do,none,"",2025-07-02 21:17:16.859213,1
467,,2025-07-02,Deleted,none,"",2025-07-02 21:19:14.082003,1
468,,2025-07-02,To Do,None,"",2025-07-02 21:19:49.331506,1
469,,2025-07-02,Deleted,None,"",2025-07-02 21:23:28.110092,1
470,,2025-07-02,To Do,Trail,"",2025-07-02 21:26:16.195648,1
471,,2025-07-02,Deleted,Trail,"",2025-07-02 21:30:17.434503,1
472,,2025-07-02,To Do,"","",2025-07-02 21:32:24.936648,1
473,,2025-07-02,Deleted,"","",2025-07-02 21:38:41.880414,1
475,,2025-07-02,To Do,"","",2025-07-02 21:44:19.483678,1
476,,2025-07-02,Deleted,"","",2025-07-02 23:07:24.995443,1
474,,2025-07-02,To Do,"","",2025-07-02 21:39:15.761808,1
477,,2025-07-02,Deleted,"","",2025-07-02 23:07:30.971304,1
478,,2025-07-02,To Do,"","",2025-07-02 23:08:05.055929,1
479,,2025-07-02,Deleted,"","",2025-07-02 23:08:10.046263,1
